time,y1,y2,y3,y4,y5
0,100,0,0,0,0
1230,84.8324305542714,9.78199842096331,3.21059921441929,0.00656247710244495,NaN
3060,73.9269250744345,15.659572862898,4.91331224780603,0.36762607174396,NaN
4920,63.3345678262621,20.3657697205168,5.74065766216774,0.430814799223777,NaN
7800,52.652594230231,31.7205397172134,6.39929877852021,0.808544881818588,NaN
10680,39.5921066313651,40.0909893517256,5.7003018483753,1.07850637146747,NaN
15030,28.7677663723422,47.37999887198,5.24349327349621,1.78037682628437,NaN
22620,8.55971835167859,58.1728677545962,4.73878078835943,2.47249627337624,NaN
36420,5.41713113401083,67.4451719291419,4.01087001899301,3.57839256937619,NaN
